Region,Year,Con. Res,Con. Ind,El. Res,El. Ind,N. Price. Res,N. Price. Ind,R. Price. Res,R. Price. Ind
Hokkaido,1990,7048924000,13405991000,"3365,104129","45925,55506","28,24601315","20,10146061","143,1465422","134,2001901"
Tohoku,1990,14953172000,38291489000,"4144,630502","56332,96652","26,07272892","18,1140514","131,3220557","120,5362583"
Tokyo,1990,60194455000,159747824000,"4387,255336","79980,72626","24,83781936","17,25248539","124,027397","115,5324204"
Chubu,1990,21664803000,78130377000,"4309,14139","81814,65452","23,56241135","16,45129653","118,1013715","108,5604408"
Hokuriku,1990,4506926000,16741940000,"5048,843631","80571,83008","24,81691512","16,10978178","141,8098812","118,9838426"
Kansai,1990,32422262000,88163139000,"4693,394761","75718,43553","23,83618392","16,11622517","126,8509894","111,8511307"
Chugoku,1990,11368795000,31542415000,"4373,631172","74079,74588","26,09669714","17,21237895","135,3318731","122,2913934"
Shikoku,1990,6087784000,14143456000,"4252,689111","56711,29217","25,66631799","18,25254026","133,1293435","124,0958159"
Kyusyu,1990,17376399000,38418077000,"3865,186692","54759,83574","25,77018403","18,39423144","142,0515562","130,6970845"
Okinawa,1990,1795494000,2929487000,"4740,690868","40687,88455","24,61829446","20,04412377","110,3491054","105,3931911"
Hokkaido,1991,7451627000,13937643000,"3503,863047","47684,6227","28,29489452","20,30135224","139,6047766","134,9581786"
Tohoku,1991,15711144000,39516139000,"4300,28296","58108,72187","26,1639127","18,28903375","128,2987332","121,1829715"
Tokyo,1991,63475970000,164154532000,"4535,470913","81952,28876","24,91960343","17,42896139","121,1473128","116,2177431"
Chubu,1991,22744528000,80395755000,"4451,041442","83863,94859","23,63597081","16,61647434","115,3392562","109,1840186"
Hokuriku,1991,4684586000,17025963000,"5190,320443","82131,20472","24,88309533","16,34309907","138,4304386","120,1936356"
Kansai,1991,33410121000,89339150000,"4777,757297","76685,04413","23,83523244","16,31966501","123,4937608","112,7812797"
Chugoku,1991,11684494000,32813498000,"4446,59272","77130,55558","26,09586688","17,27685357","131,7512577","122,2273435"
Shikoku,1991,6323412000,14224503000,"4370,299107","57066,93011","25,66446722","18,62581772","129,6017801","126,0950094"
Kyusyu,1991,17900879000,39370698000,"3928,82008","56223,29262","25,82655299","18,57132429","138,6000591","131,3940965"
Okinawa,1991,1939592000,3132791000,"5031,354004","43165,06607","24,71963176","19,97037147","107,8751333","104,5587417"
Hokkaido,1992,7816328000,14093590000,"3616,216031","48387,51652","28,3086892","20,58638005","137,3497974","138,2578751"
Tohoku,1992,16613702000,40059413000,"4489,289445","58913,84716","26,24899616","18,51757039","126,5751471","123,9568382"
Tokyo,1992,66100197000,163952254000,"4631,710854","81766,47775","24,99458511","17,64398433","119,4908513","118,8593204"
Chubu,1992,23616003000,79623298000,"4546,23565","83012,36064","23,69571176","16,85367265","113,7076081","111,8794694"
Hokuriku,1992,4853566000,17151753000,"5317,96821","83110,04778","24,94330972","16,5339951","136,4574764","122,8458566"
Kansai,1992,34069898000,88492171000,"4804,609336","76339,19946","23,83006841","16,54168932","121,4134999","115,4891774"
Chugoku,1992,12061624000,32942505000,"4537,094025","77614,04439","26,14880053","17,4487945","129,8227719","124,7110105"
Shikoku,1992,6481489000,13978998000,"4439,0507","56332,85513","25,65629595","18,95865498","127,4056637","129,6658833"
Kyusyu,1992,18572797000,40120460000,"4023,902541","57347,79495","25,9102062","18,70504476","136,736325","133,6987604"
Okinawa,1992,1949943000,3160461000,"4974,585503","43176,28656","24,66995189","20,18186587","105,8677579","106,7508078"
Hokkaido,1993,8163942000,14103828000,"3721,914821","48593,33935","27,70769317","20,43090713","132,7775796","139,6701188"
Tohoku,1993,17299975000,40290068000,"4613,79912","59259,42464","26,11177184","18,52674957","124,3621435","126,2384572"
Tokyo,1993,67380931000,164283833000,"4641,534645","81847,02168","24,8614404","17,59353277","117,390006","120,6411851"
Chubu,1993,24421771000,78445737000,"4631,048798","81739,59756","23,56311506","16,88214109","111,6782461","114,0746986"
Hokuriku,1993,5027122000,16580923000,"5448,05508","80706,96436","24,85557343","16,7884502","134,3022096","126,9694611"
Kansai,1993,34968962000,88330830000,"4867,31503","76584,32607","23,70633707","16,53351384","119,295005","117,4985622"
Chugoku,1993,12443758000,33057169000,"4627,306773","78065,91774","25,92046551","17,28042713","127,1036486","125,7186777"
Shikoku,1993,6718366000,14061735000,"4556,461644","56920,88326","25,53150573","18,96451611","125,2239276","132,0279643"
Kyusyu,1993,19181150000,40372258000,"4103,896821","57761,95736","25,81190387","18,76806098","134,5393076","136,5507205"
Okinawa,1993,2088983000,3356529000,"5237,475962","45468,48458","24,56649958","19,85741818","104,1249504","106,9149895"
Hokkaido,1994,8622761000,14822422000,"3877,839934","51249,82107","27,1046594","19,75351936","129,4889548","136,8237658"
Tohoku,1994,18474069000,43567935000,"4861,925925","64087,3627","25,95140248","18,02183188","123,2188306","124,4206841"
Tokyo,1994,73485795000,175369253000,"4990,148832","87279,51861","24,74823876","17,13895651","116,4966746","119,0770648"
Chubu,1994,26598015000,83518558000,"4970,905883","86977,56894","23,4361098","16,45372038","110,7352265","112,648943"
Hokuriku,1994,5430841000,17616619000,"5814,51777","86137,25442","24,81457292","16,54233426","133,66896","126,7612945"
Kansai,1994,38670935000,93262699000,"5310,904244","81270,15051","23,81152667","16,195521","119,4564044","116,6174435"
Chugoku,1994,13681806000,35121542000,"5032,30327","83134,79697","25,84673398","16,87892861","126,3529212","124,420348"
Shikoku,1994,7332429000,14592935000,"4922,788181","59337,99999","25,53287594","18,94512653","124,8461118","133,6358176"
Kyusyu,1994,21049613000,43272648000,"4445,797968","61969,98356","25,74227849","18,47349393","133,7643941","136,1836081"
Okinawa,1994,2169146000,3436971000,"5327,63355","46168,5428","24,22796806","19,67517328","102,374764","107,3335727"
Hokkaido,1995,9106305000,15338292000,"4040,060745","53221,73798","26,50537183","19,17579871","126,8856826","134,2880362"
Tohoku,1995,19237103000,44562799000,"4996,088232","65557,8229","25,659165","17,71394566","122,0811797","123,6447734"
Tokyo,1995,76507911000,177843259000,"5126,212802","88419,36331","24,58778413","16,97823138","115,9787893","119,2622493"
Chubu,1995,28021982000,84583632000,"5162,341009","88038,25305","23,37857472","16,38702391","110,6899657","113,4305139"
Hokuriku,1995,5685255000,17776002000,"6008,957543","87312,74621","24,45184957","16,29455262","131,9852585","126,2406199"
Kansai,1995,39919356000,93896700000,"5418,462296","82239,49789","23,68312254","16,07391953","119,0559509","117,0192168"
Chugoku,1995,14288677000,35112143000,"5194,484757","83307,3762","25,50299093","16,6690196","124,9282563","124,2291165"
Shikoku,1995,7649198000,14916816000,"5077,227079","60929,97684","25,24787566","18,44689912","123,7058042","131,5574787"
Kyusyu,1995,21938528000,44736895000,"4578,004073","64127,24135","25,45257366","18,11068918","132,5303038","134,9825334"
Okinawa,1995,2295481000,3558956000,"5525,687256","47411,02496","24,12435564","19,30228977","102,1460534","106,4615181"
Hokkaido,1996,9623354000,16179012000,"4206,925193","56338,90373","25,09499287","17,61745402","119,6431172","125,2773494"
Tohoku,1996,19953042000,46181668000,"5115,903573","67946,5922","24,98325819","16,84254887","118,3796899","119,3751196"
Tokyo,1996,76530678000,180894978000,"5057,999466","89843,7837","24,34431588","16,69333242","114,3611932","119,0691186"
Chubu,1996,28359683000,87220764000,"5152,47256","90733,13436","23,43509975","16,33738269","110,5042427","114,8306553"
Hokuriku,1996,5865532000,18285962000,"6118,322741","90228,86382","23,54125764","15,44359548","126,550917","121,4928287"
Kansai,1996,40574213000,95804705000,"5433,290817","84340,32467","23,46815698","15,92890454","117,4932871","117,7516104"
Chugoku,1996,14623332000,36170966000,"5256,770684","86021,19437","24,85480053","16,03382669","121,2555897","121,3377879"
Shikoku,1996,7808500000,15526848000,"5125,94456","63710,60568","24,53224051","17,18462112","119,7083299","124,445065"
Kyusyu,1996,22534431000,46458339000,"4642,19887","66657,58784","24,63385918","17,0604894","127,7432228","129,1158718"
Okinawa,1996,2358249000,3647566000,"5578,208491","48192,13085","24,01061126","19,13083958","101,2490623","107,1429013"
Hokkaido,1997,9849609000,16837832000,"4239,908724","59321,77044","25,02667872","17,54477655","116,9286849","123,5116872"
Tohoku,1997,20483909000,48092795000,"5181,366072","71388,29472","25,27398457","16,97177301","117,3597137","119,0869086"
Tokyo,1997,78909804000,186466562000,"5132,43544","93577,83459","24,7466842","16,95126443","113,9240257","119,6985802"
Chubu,1997,28796294000,88691744000,"5154,707489","93200,30895","23,85935496","16,73501876","110,2523989","116,4480896"
Hokuriku,1997,5968462000,18518947000,"6141,01216","92513,78544","23,6494762","15,52059088","124,5874698","120,8763343"
Kansai,1997,40664582000,96782647000,"5364,102789","86475,69535","23,65291742","16,19780042","116,0475534","118,5407833"
Chugoku,1997,14790936000,36802439000,"5254,922581","88650,45611","24,96772348","16,28938234","119,3679224","122,0377828"
Shikoku,1997,7899735000,15872203000,"5129,481548","65879,71875","24,65487766","17,203409","117,8982106","123,3340621"
Kyusyu,1997,22642987000,47253366000,"4600,453727","68359,99207","24,84981332","17,25299315","126,2832495","129,2657291"
Okinawa,1997,2364307000,3761735000,"5483,582699","50032,38635","24,415611","19,50429788","100,8956851","108,1410288"
Hokkaido,1998,10199840000,16863229000,"4332,188966","60117,39185","23,23850178","16,38446587","108,3571023","117,8702488"
Tohoku,1998,20993397000,48064049000,"5246,191754","71986,43815","23,91309039","15,84256874","110,8185444","113,5988949"
Tokyo,1998,80983863000,186063479000,"5183,307589","94360,71582","23,71448989","16,12125075","108,9540817","116,3315013"
Chubu,1998,30018622000,88149573000,"5293,563247","93581,01512","22,92903385","16,01951038","105,7417554","113,9113771"
Hokuriku,1998,6120637000,17849455000,"6222,980131","90291,03942","22,66888234","14,94572243","119,1830126","118,9492318"
Kansai,1998,42492017000,96325782000,"5520,96405","87374,44487","22,94056787","15,60422318","112,3276953","116,6985881"
Chugoku,1998,15357860000,36253962000,"5400,43322","88469,17949","23,29250299","15,17508624","111,1363835","116,1803175"
Shikoku,1998,8270169000,16325274000,"5310,31921","68551,82347","23,22383013","15,86350097","110,8331352","116,2195689"
Kyusyu,1998,23909987000,48114671000,"4797,341216","70187,42205","23,49679237","16,14532499","119,1688114","123,616784"
Okinawa,1998,2591243000,4024257000,"5879,514163","53883,79037","23,36291888","18,19217808","96,35261558","103,0757667"
Hokkaido,1999,10516445000,17553654000,"4414,969876","63331,26723","22,93094292","16,01034178","107,4597708","116,0294029"
Tohoku,1999,21842841000,49961656000,"5400,106208","75506,59376","23,60965774","15,34993156","109,9616293","110,8793042"
Tokyo,1999,83974060000,190251823000,"5286,964005","97513,58027","23,40206011","15,64980011","108,0584036","113,7634978"
Chubu,1999,30759681000,89268566000,"5345,704527","95751,31289","22,54402443","15,5081241","104,4881274","111,0894135"
Hokuriku,1999,6436794000,18416206000,"6464,747568","94344,8343","22,46413354","14,58340551","118,6994377","116,9228043"
Kansai,1999,43555307000,96847698000,"5578,885435","89202,34354","22,68439986","15,25689335","111,6309748","114,943681"
Chugoku,1999,15749095000,37164510000,"5479,324018","91890,37296","22,86226605","14,61517991","109,6311863","112,7200308"
Shikoku,1999,8425933000,16574339000,"5354,79654","70420,026","22,99424883","15,54282195","110,2883751","114,7111502"
Kyusyu,1999,24392086000,48671860000,"4833,733204","71598,37597","23,12340158","15,79136281","117,8638137","121,7995835"
Okinawa,1999,2581762000,3975998000,"5729,253397","53597,15838","22,74570623","17,84306733","94,27804588","101,8443478"
Hokkaido,2000,10847386000,18263978000,"4501,460734","66696,28759","22,698003","15,45676413","107,0128153","112,6754999"
Tohoku,2000,22429202000,52084594000,"5491,47029","79434,90588","23,5078359","15,22626825","110,1509556","110,6320564"
Tokyo,2000,85989817000,194661329000,"5331,333371","100849,0352","23,53958958","15,72954945","109,3521904","115,0148413"
Chubu,2000,31711026000,91325869000,"5438,326044","98984,17569","22,78614385","15,54870504","106,2503766","112,0343221"
Hokuriku,2000,6660166000,19032155000,"6613,245027","98758,54894","22,27827354","14,15830209","118,4308007","114,1812795"
Kansai,2000,44407584000,98444327000,"5614,870493","92092,95235","22,76516552","15,39212107","112,7073864","116,6436016"
Chugoku,2000,16207609000,38295272000,"5589,890841","95955,27882","22,67206718","14,3753255","109,3780314","111,5213658"
Shikoku,2000,8610047000,17076270000,"5428,014581","73420,42806","23,0463318","15,51304822","111,2081115","115,1639002"
Kyusyu,2000,25145900000,50105120000,"4927,674826","74332,88234","22,66946103","15,5223059","116,2503064","120,4275605"
Okinawa,2000,2583608000,4042165000,"5605,182543","54860,34391","23,04413053","18,16674975","96,09385515","104,3009131"
Hokkaido,2001,10906341000,17941780000,"4475,676122","66327,22621","22,29675379","15,1639358","106,1937354","113,350892"
Tohoku,2001,22228666000,50271144000,"5394,744238","77376,88628","23,27921972","15,35994486","110,1927844","114,4403708"
Tokyo,2001,85080001000,190460002000,"5193,596749","99747,46389","23,35961421","15,75931938","109,6234297","118,1618141"
Chubu,2001,31811226000,89046943000,"5387,793739","97535,77402","22,66404319","15,67811261","106,7594066","115,8384497"
Hokuriku,2001,6644200000,18341739000,"6531,158705","96420,27157","21,92468619","14,0865051","117,7404356","116,4901163"
Kansai,2001,44346976000,95431959000,"5540,740841","90695,30595","22,40858542","15,48599668","112,0740659","120,3382533"
Chugoku,2001,16384070000,37220816000,"5605,883826","94529,77673","22,23562277","14,21102643","108,3670871","113,0493139"
Shikoku,2001,8688990000,17078653000,"5429,458203","74319,63882","22,62219199","15,31666461","110,2753534","116,5965006"
Kyusyu,2001,25651107000,49676109000,"4973,933448","74327,93486","22,11323667","15,32926019","114,5550778","121,9531263"
Okinawa,2001,2727636000,4161188000,"5793,853193","56863,1438","23,0415642","17,9650619","97,06359389","105,7649299"
Hokkaido,2002,11116600000,18130641000,"4509,970814","67961,02032","21,63692136","14,4168648","103,6859341","109,5914189"
Tohoku,2002,22913974000,51340621000,"5514,3904","80119,07073","22,190651","14,14482306","105,6870801","107,1716304"
Tokyo,2002,89354085000,192547810000,"5364,646608","101976,5888","21,88518857","14,17683224","103,3368291","108,0964949"
Chubu,2002,32843442000,90206118000,"5491,667051","100289,528","21,850968","14,77349907","103,5634625","111,003084"
Hokuriku,2002,6870312000,18716656000,"6691,423485","99888,22475","21,36948075","13,42456687","115,4657924","112,8960698"
Kansai,2002,45602930000,96216881000,"5627,711787","93083,95435","21,82811499","14,82404112","109,8434178","117,1450309"
Chugoku,2002,16850464000,38996986000,"5720,526858","100353,2863","21,64338027","13,46052744","106,1305245","108,8923274"
Shikoku,2002,8933796000,17314176000,"5533,845559","76857,95583","21,99333855","14,37862247","107,8703413","111,3092645"
Kyusyu,2002,26249403000,50386249000,"5038,193833","76440,7847","21,543309","14,78550229","112,2901236","119,6191038"
Okinawa,2002,2704007000,4179249000,"5624,068204","57225,68498","22,45223478","17,3217724","95,16365261","103,7045986"
Hokkaido,2003,11256223000,18271964000,"4509,375919","69460,35825","21,24700266","13,90594903","102,026912","106,3494486"
Tohoku,2003,22792834000,51754097000,"5439,934032","81900,27947","21,86463517","13,85828449","104,3486377","105,6381231"
Tokyo,2003,86925556000,189086653000,"5136,21783","101284,1405","21,96632484","14,21953881","103,9333514","109,0804216"
Chubu,2003,32530305000,89685326000,"5368,706002","101231,1428","21,4226396","14,34002704","101,7423008","108,4003119"
Hokuriku,2003,6856212000,18768149000,"6612,622813","101710,6029","20,78115438","12,87026227","112,5179294","108,8917114"
Kansai,2003,44655178000,95590732000,"5447,014864","94169,8966","21,14478191","14,19049705","106,6236896","112,8193917"
Chugoku,2003,16667350000,38767000000,"5606,037724","101101,3256","20,93068184","13,02693012","102,8469197","106,024485"
Shikoku,2003,8857665000,17415656000,"5436,868741","78893,11891","21,45892851","13,90840517","105,4657919","108,3228933"
Kyusyu,2003,26304611000,50963387000,"4997,649996","78408,709","20,93853431","14,22499647","109,3624219","115,7831909"
Okinawa,2003,2807816000,4347954000,"5721,036374","59655,80923","22,02850899","16,51811404","93,55980819","99,49357416"
Hokkaido,2004,11399338000,18792772000,"4519,430915","72466,35381","21,37720629","13,91082699","102,7578605","104,6046362"
Tohoku,2004,23612159000,53716908000,"5593,025346","86218,95289","21,60975623","13,64406529","103,2384442","102,2629619"
Tokyo,2004,92592095000,194148489000,"5393,059146","105193,7276","21,34990033","13,70309403","101,1207814","103,3578126"
Chubu,2004,34079008000,92583669000,"5555,882919","106120,8719","21,11525664","13,90455805","100,3857279","103,3477737"
Hokuriku,2004,7154418000,19719921000,"6841,998657","108545,6422","20,79442381","12,75426002","112,7057281","106,1026101"
Kansai,2004,46800197000,98085844000,"5645,404811","98428,37474","21,17382113","14,00523199","106,8800803","109,4812703"
Chugoku,2004,17469754000,40670098000,"5825,398964","107508,0968","21,0198724","12,96805333","103,3915445","103,7772722"
Shikoku,2004,9171891000,18039038000,"5588,973407","83427,54736","21,51628274","13,85461908","105,856581","106,0964572"
Kyusyu,2004,27459175000,52739681000,"5166,910719","82304,5427","20,63976795","13,96125244","107,9129802","111,7329078"
Okinawa,2004,2809088000,4384130000,"5605,921456","60274,55455","22,23248257","16,81291385","94,52337406","99,5728493"
Hokkaido,2005,11540666000,19292768000,"4534,315004","75478,2459","21,07495356","13,67465778","101,5140569","101,0902926"
Tohoku,2005,24355648000,55308642000,"5730,793294","90058,5403","21,21893862","13,56898258","101,5805811","99,98085958"
Tokyo,2005,95186355000,193468396000,"5470,428298","106047,0367","21,24733109","13,74688608","100,8426857","101,9351599"
Chubu,2005,35290519000,95270684000,"5679,690601","110918,5133","20,55061871","13,49452892","97,90299153","98,6044845"
Hokuriku,2005,7505101000,20461150000,"7119,697533","114421,2434","19,95695994","12,34334336","108,3899302","100,948208"
Kansai,2005,48719506000,98388531000,"5817,957465","100606,8106","20,30788243","13,47831893","102,7206183","103,5810364"
Chugoku,2005,18140335000,41360815000,"6002,992506","110842,9229","20,7081071","12,847595","102,0682816","101,0751288"
Shikoku,2005,9410149000,18557462000,"5698,748112","87659,65829","20,97140013","13,47554962","103,3888012","101,4490028"
Kyusyu,2005,28240720000,54714803000,"5268,689799","86628,33516","19,91326708","13,31595766","104,3294332","104,7669087"
Okinawa,2005,2900192000,4446176000,"5665,079247","61251,37418","22,83228145","17,13877273","97,2738303","99,78670214"
Hokkaido,2006,11640297000,19871477000,"4510,734227","78891,69575","21,35735884","13,99553742","102,662456","101,4103897"
Tohoku,2006,24290903000,56659006000,"5660,907469","93612,10271","21,36186539","13,90643881","102,0541706","100,435072"
Tokyo,2006,93206642000,194414985000,"5270,38287","107822,6903","21,28065079","13,99641082","100,7927908","101,7270008"
Chubu,2006,34753545000,97933922000,"5507,644465","115841,2401","20,62336375","13,55790693","98,04718058","97,10273708"
Hokuriku,2006,7513527000,20686895000,"7029,378552","117557,8785","19,51200814","12,49303001","105,7550382","100,1459687"
Kansai,2006,48360260000,98896400000,"5700,226511","103083,4433","19,92935935","13,3194636","100,5983528","100,3300765"
Chugoku,2006,18136129000,43123351000,"5927,337361","117183,6559","20,77367226","12,95356198","102,180547","99,88759524"
Shikoku,2006,9325210000,18835354000,"5588,623078","90915,62648","20,89625864","13,73820742","102,8061641","101,375089"
Kyusyu,2006,28203136000,56195934000,"5193,303078","90286,05076","19,53850097","13,08680091","102,155115","100,9218271"
Okinawa,2006,2881183000,4494622000,"5502,862032","62045,27823","23,43308287","17,47466194","99,62783285","99,72444254"
Hokkaido,2007,11795319000,20649671000,"4537,07298","81318,407","21,20502209","13,84501477","101,512015","98,09619133"
Tohoku,2007,25072893000,58998816000,"5802,42086","97768,70113","21,15651353","13,80134476","100,6584637","97,46680309"
Tokyo,2007,97600171000,199796560000,"5436,137362","109479,3068","21,47797466","14,10677441","101,3100443","100,2566367"
Chubu,2007,36125303000,101358388000,"5646,449863","119077,6131","20,86255166","13,72832607","98,77741289","96,14401621"
Hokuriku,2007,7912795000,21391826000,"7335,893036","121533,4174","19,14241428","12,43026191","103,3261918","97,43428868"
Kansai,2007,50181561000,100240843000,"5848,198518","103312,3182","20,00246664","13,37617442","100,5531547","98,52403323"
Chugoku,2007,18889260000,44689365000,"6122,315629","120882,0403","20,6642293","12,863038","101,2252305","96,9910707"
Shikoku,2007,9651430000,19617357000,"5743,069915","94166,17625","20,74832434","13,5842968","101,6595687","98,01762891"
Kyusyu,2007,29549831000,58531758000,"5389,86965","93593,00976","19,50430782","13,0396391","101,5579751","98,32931895"
Okinawa,2007,2944409000,4546335000,"5527,455096","63251,59648","23,48416949","17,40808805","99,4354115","97,14260828"
Hokkaido,2008,11638549000,20199983000,"4445,579363","78909,88249","22,25921805","15,24318115","105,3698408","104,6550058"
Tohoku,2008,24678996000,56422282000,"5677,488074","93778,62027","22,21006073","15,35746108","104,492145","105,0946028"
Tokyo,2008,96058614000,192897759000,"5267,326951","104447,3534","22,98395644","16,00937209","107,2041678","110,2517221"
Chubu,2008,35335648000,94398425000,"5449,441186","110152,8104","22,33860265","15,51868053","104,5860898","105,3137652"
Hokuriku,2008,7902300000,20251909000,"7264,659079","115029,1039","19,84472875","13,70769541","105,9220994","104,1170029"
Kansai,2008,49226556000,96640939000,"5673,453812","98496,71562","20,64030236","14,47233455","102,6020177","103,2938643"
Chugoku,2008,18737411000,42484807000,"6023,843119","114394,3601","21,68004961","14,59300498","105,0164986","106,6248921"
Shikoku,2008,9564520000,19136792000,"5657,23648","91353,79034","21,25584974","14,62549209","102,9843913","102,2593884"
Kyusyu,2008,29253915000,56629121000,"5288,107238","90123,53147","19,99445202","14,00899371","102,9486598","102,3646659"
Okinawa,2008,2886893000,4589225000,"5331,840412","64352,3712","25,10172701","19,09102299","105,0986584","103,2318141"
Hokkaido,2009,11875460000,19575399000,"4503,150187","75861,58401","20,8513186","13,83685717","100,4368497","100,1058971"
Tohoku,2009,25036076000,53955608000,"5727,050464","89947,90066","21,09627723","14,0596136","100,9933691","101,3846447"
Tokyo,2009,96089156000,184078284000,"5197,358903","98505,32719","20,90365951","13,55924743","99,21157423","98,39759361"
Chubu,2009,35029398000,87819593000,"5340,989544","101789,3697","21,25494706","14,42711082","101,2584064","103,1685967"
Hokuriku,2009,7994834000,19180317000,"7291,09729","108915,3336","18,6485423","12,95437401","101,2836726","103,6839305"
Kansai,2009,48841093000,92763434000,"5567,756911","93507,09593","19,76391069","13,6282471","99,96911952","102,4976102"
Chugoku,2009,18546761000,39364324000,"5921,473929","105510,3368","20,57426631","13,51449602","101,4085931","104,0522648"
Shikoku,2009,9464024000,18032127000,"5566,382055","85609,22078","20,40548502","13,94023012","100,5988451","102,7070973"
Kyusyu,2009,29172062000,54219605000,"5236,379152","85883,6001","19,41628261","13,40378632","101,725636","103,2068296"
Okinawa,2009,2915554000,4562813000,"5296,96232","64492,05654","23,78930385","17,81466828","101,3510941","101,5079148"
Hokkaido,2010,12124433000,20177977000,"4567,828551","79137,39048","20,6535019","13,88028146",100,100
Tohoku,2010,26323482000,56382272000,"5986,534807","95563,98275","20,78098938","13,92584889",100,100
Tokyo,2010,103422108000,189964557000,"5534,596678","102668,4493","20,96105989","13,83794452",100,100
Chubu,2010,37256053000,93655340000,"5630,269851","109857,0591","20,88248586","14,04275506",100,100
Hokuriku,2010,8661921000,20881383000,"7836,842543","120308,7201","18,31718391","12,54658276",100,100
Kansai,2010,52315580000,98762189000,"5906,274897","100832,6874","19,6680033","13,35201268",100,100
Chugoku,2010,19854689000,42540452000,"6297,014746","115398,9876","20,18379638","13,04273871",100,100
Shikoku,2010,10130108000,18970250000,"5920,518616","91362,57025","20,17935051","13,62981511",100,100
Kyusyu,2010,31150452000,56323331000,"5541,806855","90063,86769","18,98842431","13,04186004",100,100
Okinawa,2010,2990871000,4530364000,"5342,262495","64650,21762","23,35105727","17,62374944",100,100
Hokkaido,2011,12077267000,20067338000,"4522,35214","79661,69261","21,2891708","14,65196829","103,184816","104,2249701"
Tohoku,2011,24790634000,50513840000,"5610,195313","87072,41061","21,56826647","15,00618444","103,8962247","106,3953588"
Tokyo,2011,95796643000,172433106000,"5080,785356","94131,55799","22,27037329","15,1979864","106,3567369","108,4397601"
Chubu,2011,35871854000,92025286000,"5376,977384","109257,0968","21,93443918","14,93912228","105,1465641","105,0380965"
Hokuriku,2011,8522107000,20376183000,"7651,950181","119139,4567","18,69842751","13,22126917","102,1873474","104,0451338"
Kansai,2011,49990990000,96036732000,"5597,853217","99325,90949","20,18067656","13,84705594","102,713185","102,3964245"
Chugoku,2011,19174420000,40895770000,"6048,279823","112292,094","20,99140417","14,12654658","104,1092652","106,9402743"
Shikoku,2011,9793292000,18650835000,"5696,417291","91139,73319","20,51302055","14,22606548","101,7590814","103,0549651"
Kyusyu,2011,29990165000,55361877000,"5293,428912","89376,09497","19,58145279","13,64532854","103,2301905","103,3043342"
Okinawa,2011,2938469000,4501863000,"5165,539852","64868,34294","24,51344561","18,81621009","105,0868944","105,416338"
Hokkaido,2012,11817914000,19365991000,"4400,210592","77824,75959","21,49000238","14,79671244","104,3749814","106,3210262"
Tohoku,2012,25152801000,52679736000,"5675,738413","92375,86011","22,04676926","15,33075261","106,4222368","109,7978904"
Tokyo,2012,95277454000,173755511000,"5012,918501","95818,11239","24,5086209","17,49793709","117,2895396","126,1152091"
Chubu,2012,35491705000,91060735000,"5280,629116","109442,211","22,82955975","15,85963478","109,6652383","112,6401084"
Hokuriku,2012,8538935000,19536398000,"7613,987766","115949,8961","18,83267644","13,64064143","103,1352167","108,4330155"
Kansai,2012,49012437000,92742040000,"5445,359848","97182,80843","20,62123538","14,48702228","105,1739181","108,2142841"
Chugoku,2012,18942633000,39704611000,"5944,150015","110369,3776","21,43952216","14,77619312","106,5530515","112,9915492"
Shikoku,2012,9624834000,17785268000,"5575,864346","88201,32511","20,6689279","14,68535644","102,7458792","107,4599728"
Kyusyu,2012,29509461000,54277520000,"5165,836897","88474,51107","20,0448934","14,16626994","105,8932968","108,3348475"
Okinawa,2012,2851605000,4462182000,"4925,255969","64927,13093","24,81234252","19,28787306","106,589608","109,1536413"
Hokkaido,2013,11594557000,19041293000,"4299,768149","77474,80612","23,05754329","16,09076653","111,0638159","113,5504382"
Tohoku,2013,24815010000,52636956000,"5565,291167","93924,62399","24,18616797","17,26948268","115,7854802","121,4697125"
Tokyo,2013,94566510000,172125574000,"4931,791232","95894,46268","26,84086576","19,64527363","127,3903521","139,0582793"
Chubu,2013,35264839000,91804855000,"5189,264288","111711,1034","23,85313598","16,75688067","113,6361587","116,8829623"
Hokuriku,2013,8475344000,19602832000,"7504,395316","118122,7938","19,21208154","14,03843077","104,3443582","109,5982104"
Kansai,2013,48352687000,92061173000,"5332,939699","97758,12552","23,66836408","17,45854357","119,7184886","128,0771423"
Chugoku,2013,18909534000,40070437000,"5904,815525","112780,4338","22,19816734","15,41473082","109,4126461","115,765061"
Shikoku,2013,9615033000,17599016000,"5550,193434","88594,42126","22,12223297","16,46648881","109,062396","118,3372282"
Kyusyu,2013,29792187000,54657612000,"5181,096733","89965,89837","22,0426248","15,94456779","115,4855474","119,7522191"
Okinawa,2013,2954836000,4600906000,"5028,917455","67609,6751","25,5696086","19,83283292","108,9358404","110,229236"
Hokkaido,2014,11236731000,18573419000,"4140,703645","76526,09525","25,53571853","18,27267236","119,4265472","125,403553"
Tohoku,2014,24266490000,52356664000,"5401,442908","95097,45386","25,86381467","19,23949929","120,2189282","131,6067407"
Tokyo,2014,90682689000,166363255000,"4698,081035","93646,32318","28,02721256","20,83547235","129,1555761","143,429278"
Chubu,2014,33857971000,90216928000,"4947,485851","111163,7324","25,67643525","18,78405791","118,7678858","127,4216265"
Hokuriku,2014,8324630000,19559732000,"7318,433249","119693,6144","19,5218286","14,43557611","102,9457168","109,6010492"
Kansai,2014,45857557000,88632588000,"5027,224981","95391,76209","24,62220131","18,67312055","120,9241652","133,2220804"
Chugoku,2014,18202611000,39665270000,"5656,985079","113055,1035","22,62746811","16,01418571","108,2878168","116,9612802"
Shikoku,2014,9238724000,17153420000,"5311,174323","87673,5616","23,09247468","17,58972846","110,5375373","122,9349071"
Kyusyu,2014,28517640000,52760996000,"4927,407169","87702,14414","22,74167848","17,01277588","115,6858069","124,2629593"
Okinawa,2014,2917562000,4613811000,"4893,990123","68478,55319","25,93706663","20,27673002","107,2903844","109,5987638"
Hokkaido,2015,11070490000,17521592000,"4064,477306","71221,64096","26,34246542","19,76133219","122,9531766","140,2624147"
Tohoku,2015,23706296000,51350785000,"5244,995954","92965,81771","24,73760557","18,1705304","114,7541694","128,5491743"
Tokyo,2015,89420625000,157654564000,"4587,67495","84992,14472","25,669626","18,65918071","118,0547147","132,8447363"
Chubu,2015,32802110000,89164832000,"4753,897982","108587,9605","24,28639499","17,28498743","112,1134951","121,2662959"
Hokuriku,2015,8102239000,19415685000,"7077,483139","118288,0668","19,26282352","14,22839318","101,3767289","111,7258756"
Kansai,2015,44053066000,83463091000,"4798,265861","87011,50728","24,14828516","18,33422393","118,3594824","135,2817337"
Chugoku,2015,17709999000,39008849000,"5478,282214","109880,9865","21,62495887","15,06699159","103,2831483","113,8101818"
Shikoku,2015,8931735000,16822868000,"5121,102297","85452,96063","22,41042754","17,01362693","107,0582135","122,9788156"
Kyusyu,2015,28100257000,51109403000,"4826,998686","83516,05387","21,86044064","16,11488203","110,9805871","121,7337387"
Okinawa,2015,2953315000,4695358000,"4881,71412","67431,03745","24,64383244","19,01005206","101,7369543","106,2694325"